date,skill,model,input_tokens,output_tokens,cache_read,cache_creation
2026-10-07,install-skill,grok-4.7,222282,34605,3453312,0
2026-10-07,strategy-builder,grok-4.7,67759,6281,498944,0
2026-10-07,heartbeat,grok-4.7,133578,18073,270848,0
2026-10-07,fetch-tweets,grok-4.6,158930,15946,451200,0
2026-10-08,heartbeat,grok-4.7,64405,7220,222080,0
2026-10-08,heartbeat,grok-4.7,62179,10241,344192,0
2026-10-08,fetch-tweets,grok-4.6,164495,17104,903040,0
2026-10-09,heartbeat,grok-4.7,73899,12451,190720,0
2026-10-09,fetch-tweets,grok-4.6,179332,15034,816512,0
2026-10-10,heartbeat,grok-4.7,47465,9016,197888,0
2026-10-10,fetch-tweets,grok-4.6,158634,16418,651264,0
